{
    "data": {
        "Database Systems": [
            "4.0",
            "CS-220",
            {
                "One Hour Test/Mid Term": [
                    75.0,
                    74.12
                ],
                "Assignment": [
                    73.33333333333333,
                    78.26666666666667
                ],
                "Quiz": [
                    46.0,
                    62.42
                ],
                "Final": [
                    0.0,
                    0.0
                ],
                "Lab Work": [
                    81.25,
                    93.30833333333334
                ]
            }
        ],
        "Computer Organisation & Assembly Language": [
            "4.0",
            "CS-235",
            {
                "One Hour Test/Mid Term": [
                    62.0,
                    60.5
                ],
                "Assignment": [
                    76.66666666666667,
                    88.2
                ],
                "Quiz": [
                    62.0,
                    59.480000000000004
                ],
                "Final": [
                    89.0,
                    61.5
                ],
                "Lab Work": [
                    74.97619047619048,
                    82.2704761904762
                ],
                "Final Lab": [
                    66.66666666666666,
                    49.83333333333333
                ]
            }
        ],
        "Data Structures and Algorithms": [
            "4.0",
            "CS-250",
            {
                "One Hour Test/Mid Term": [
                    75.33333333333333,
                    63.50666666666667
                ],
                "Assignment": [
                    74.5,
                    78.225
                ],
                "Quiz": [
                    78.0,
                    60.220000000000006
                ],
                "Final": [
                    0.0,
                    0.0
                ],
                "Lab Work": [
                    86.15384615384616,
                    85.15384615384616
                ],
                "Final Lab": [
                    80.0,
                    86.7
                ]
            }
        ],
        "Technical & Business Writing": [
            "2.0",
            "HU-212",
            {
                "One Hour Test/Mid Term": [
                    52.5,
                    75.26666666666667
                ],
                "Assignment": [
                    63.75,
                    76.85
                ],
                "Quiz": [
                    57.5,
                    65.60000000000001
                ],
                "Final": [
                    64.75,
                    77.14
                ]
            }
        ],
        "Linear Algebra": [
            "3.0",
            "MATH-222",
            {
                "Quiz": [
                    40.0,
                    56.08
                ],
                "Assignment": [
                    75.83333333333333,
                    78.26666666666667
                ],
                "One Hour Test/Mid Term": [
                    70.0,
                    70.91666666666666
                ],
                "Final": [
                    57.99999999999999,
                    59.4
                ]
            }
        ]
    }
}